event_id,timestamp,user_id,item_id,action
evt-00001,2026-01-01T09:00:17+00:00,u001,P006,view
evt-00002,2026-01-01T09:00:34+00:00,u001,P009,view
evt-00003,2026-01-01T09:00:51+00:00,u001,P002,view
evt-00004,2026-01-01T09:01:08+00:00,u001,P001,cart
evt-00005,2026-01-01T09:01:25+00:00,u001,P005,cart
evt-00006,2026-01-01T09:01:42+00:00,u001,P003,purchase
evt-00007,2026-01-01T09:01:59+00:00,u001,P012,click
evt-00008,2026-01-01T09:02:16+00:00,u001,P010,purchase
evt-00009,2026-01-01T09:02:33+00:00,u001,P011,click
evt-00010,2026-01-01T09:02:50+00:00,u001,P004,view
evt-00011,2026-01-01T09:03:07+00:00,u001,P020,view
evt-00012,2026-01-01T09:03:24+00:00,u001,P022,view
evt-00013,2026-01-01T09:03:41+00:00,u002,P017,click
evt-00014,2026-01-01T09:03:58+00:00,u002,P023,cart
evt-00015,2026-01-01T09:04:15+00:00,u002,P016,click
evt-00016,2026-01-01T09:04:32+00:00,u002,P015,view
evt-00017,2026-01-01T09:04:49+00:00,u002,P019,click
evt-00018,2026-01-01T09:05:06+00:00,u002,P013,view
evt-00019,2026-01-01T09:05:23+00:00,u002,P022,click
evt-00020,2026-01-01T09:05:40+00:00,u002,P014,view
evt-00021,2026-01-01T09:05:57+00:00,u002,P020,purchase
evt-00022,2026-01-01T09:06:14+00:00,u002,P018,cart
evt-00023,2026-01-01T09:06:31+00:00,u002,P031,view
evt-00024,2026-01-01T09:06:48+00:00,u002,P036,cart
evt-00025,2026-01-01T09:07:05+00:00,u003,P036,click
evt-00026,2026-01-01T09:07:22+00:00,u003,P030,click
evt-00027,2026-01-01T09:07:39+00:00,u003,P033,cart
evt-00028,2026-01-01T09:07:56+00:00,u003,P027,click
evt-00029,2026-01-01T09:08:13+00:00,u003,P029,view
evt-00030,2026-01-01T09:08:30+00:00,u003,P028,purchase
evt-00031,2026-01-01T09:08:47+00:00,u003,P031,purchase
evt-00032,2026-01-01T09:09:04+00:00,u003,P026,cart
evt-00033,2026-01-01T09:09:21+00:00,u003,P034,view
evt-00034,2026-01-01T09:09:38+00:00,u003,P035,cart
evt-00035,2026-01-01T09:09:55+00:00,u003,P039,click
evt-00036,2026-01-01T09:10:12+00:00,u003,P043,click
evt-00037,2026-01-01T09:10:29+00:00,u004,P048,cart
evt-00038,2026-01-01T09:10:46+00:00,u004,P038,cart
evt-00039,2026-01-01T09:11:03+00:00,u004,P040,purchase
evt-00040,2026-01-01T09:11:20+00:00,u004,P039,purchase
evt-00041,2026-01-01T09:11:37+00:00,u004,P042,purchase
evt-00042,2026-01-01T09:11:54+00:00,u004,P044,cart
evt-00043,2026-01-01T09:12:11+00:00,u004,P041,cart
evt-00044,2026-01-01T09:12:28+00:00,u004,P045,cart
evt-00045,2026-01-01T09:12:45+00:00,u004,P047,cart
evt-00046,2026-01-01T09:13:02+00:00,u004,P037,click
evt-00047,2026-01-01T09:13:19+00:00,u004,P057,click
evt-00048,2026-01-01T09:13:36+00:00,u004,P049,purchase
evt-00049,2026-01-01T09:13:53+00:00,u005,P057,purchase
evt-00050,2026-01-01T09:14:10+00:00,u005,P056,purchase
evt-00051,2026-01-01T09:14:27+00:00,u005,P052,cart
evt-00052,2026-01-01T09:14:44+00:00,u005,P053,purchase
evt-00053,2026-01-01T09:15:01+00:00,u005,P060,cart
evt-00054,2026-01-01T09:15:18+00:00,u005,P050,cart
evt-00055,2026-01-01T09:15:35+00:00,u005,P049,view
evt-00056,2026-01-01T09:15:52+00:00,u005,P055,cart
evt-00057,2026-01-01T09:16:09+00:00,u005,P058,cart
evt-00058,2026-01-01T09:16:26+00:00,u005,P059,view
evt-00059,2026-01-01T09:16:43+00:00,u005,P007,cart
evt-00060,2026-01-01T09:17:00+00:00,u005,P005,view
evt-00061,2026-01-01T09:17:17+00:00,u006,P010,cart
evt-00062,2026-01-01T09:17:34+00:00,u006,P009,cart
evt-00063,2026-01-01T09:17:51+00:00,u006,P001,purchase
evt-00064,2026-01-01T09:18:08+00:00,u006,P006,view
evt-00065,2026-01-01T09:18:25+00:00,u006,P007,view
evt-00066,2026-01-01T09:18:42+00:00,u006,P005,view
evt-00067,2026-01-01T09:18:59+00:00,u006,P003,view
evt-00068,2026-01-01T09:19:16+00:00,u006,P012,view
evt-00069,2026-01-01T09:19:33+00:00,u006,P011,view
evt-00070,2026-01-01T09:19:50+00:00,u006,P004,cart
evt-00071,2026-01-01T09:20:07+00:00,u006,P020,cart
evt-00072,2026-01-01T09:20:24+00:00,u006,P017,view
evt-00073,2026-01-01T09:20:41+00:00,u007,P014,purchase
evt-00074,2026-01-01T09:20:58+00:00,u007,P013,view
evt-00075,2026-01-01T09:21:15+00:00,u007,P024,cart
evt-00076,2026-01-01T09:21:32+00:00,u007,P019,click
evt-00077,2026-01-01T09:21:49+00:00,u007,P015,click
evt-00078,2026-01-01T09:22:06+00:00,u007,P020,view
evt-00079,2026-01-01T09:22:23+00:00,u007,P016,click
evt-00080,2026-01-01T09:22:40+00:00,u007,P017,click
evt-00081,2026-01-01T09:22:57+00:00,u007,P018,cart
evt-00082,2026-01-01T09:23:14+00:00,u007,P021,cart
evt-00083,2026-01-01T09:23:31+00:00,u007,P030,click
evt-00084,2026-01-01T09:23:48+00:00,u007,P028,purchase
evt-00085,2026-01-01T09:24:05+00:00,u008,P036,view
evt-00086,2026-01-01T09:24:22+00:00,u008,P033,view
evt-00087,2026-01-01T09:24:39+00:00,u008,P034,cart
evt-00088,2026-01-01T09:24:56+00:00,u008,P028,view
evt-00089,2026-01-01T09:25:13+00:00,u008,P031,view
evt-00090,2026-01-01T09:25:30+00:00,u008,P029,click
evt-00091,2026-01-01T09:25:47+00:00,u008,P035,cart
evt-00092,2026-01-01T09:26:04+00:00,u008,P025,view
evt-00093,2026-01-01T09:26:21+00:00,u008,P030,click
evt-00094,2026-01-01T09:26:38+00:00,u008,P027,cart
evt-00095,2026-01-01T09:26:55+00:00,u008,P046,view
evt-00096,2026-01-01T09:27:12+00:00,u008,P044,click
evt-00097,2026-01-01T09:27:29+00:00,u009,P044,purchase
evt-00098,2026-01-01T09:27:46+00:00,u009,P040,cart
evt-00099,2026-01-01T09:28:03+00:00,u009,P038,cart
evt-00100,2026-01-01T09:28:20+00:00,u009,P043,click
evt-00101,2026-01-01T09:28:37+00:00,u009,P046,view
evt-00102,2026-01-01T09:28:54+00:00,u009,P048,view
evt-00103,2026-01-01T09:29:11+00:00,u009,P041,purchase
evt-00104,2026-01-01T09:29:28+00:00,u009,P045,click
evt-00105,2026-01-01T09:29:45+00:00,u009,P047,click
evt-00106,2026-01-01T09:30:02+00:00,u009,P042,purchase
evt-00107,2026-01-01T09:30:19+00:00,u009,P053,click
evt-00108,2026-01-01T09:30:36+00:00,u009,P049,click
evt-00109,2026-01-01T09:30:53+00:00,u010,P051,view
evt-00110,2026-01-01T09:31:10+00:00,u010,P059,cart
evt-00111,2026-01-01T09:31:27+00:00,u010,P050,cart
evt-00112,2026-01-01T09:31:44+00:00,u010,P052,purchase
evt-00113,2026-01-01T09:32:01+00:00,u010,P049,cart
evt-00114,2026-01-01T09:32:18+00:00,u010,P057,purchase
evt-00115,2026-01-01T09:32:35+00:00,u010,P056,click
evt-00116,2026-01-01T09:32:52+00:00,u010,P058,view
evt-00117,2026-01-01T09:33:09+00:00,u010,P054,view
evt-00118,2026-01-01T09:33:26+00:00,u010,P053,view
evt-00119,2026-01-01T09:33:43+00:00,u010,P012,purchase
evt-00120,2026-01-01T09:34:00+00:00,u010,P009,click
evt-00121,2026-01-01T09:34:17+00:00,u011,P005,click
evt-00122,2026-01-01T09:34:34+00:00,u011,P001,view
evt-00123,2026-01-01T09:34:51+00:00,u011,P010,view
evt-00124,2026-01-01T09:35:08+00:00,u011,P012,click
evt-00125,2026-01-01T09:35:25+00:00,u011,P006,click
evt-00126,2026-01-01T09:35:42+00:00,u011,P003,click
evt-00127,2026-01-01T09:35:59+00:00,u011,P011,cart
evt-00128,2026-01-01T09:36:16+00:00,u011,P008,view
evt-00129,2026-01-01T09:36:33+00:00,u011,P007,click
evt-00130,2026-01-01T09:36:50+00:00,u011,P009,cart
evt-00131,2026-01-01T09:37:07+00:00,u011,P013,click
evt-00132,2026-01-01T09:37:24+00:00,u011,P023,click
evt-00133,2026-01-01T09:37:41+00:00,u012,P018,purchase
evt-00134,2026-01-01T09:37:58+00:00,u012,P023,cart
evt-00135,2026-01-01T09:38:15+00:00,u012,P017,cart
evt-00136,2026-01-01T09:38:32+00:00,u012,P024,purchase
evt-00137,2026-01-01T09:38:49+00:00,u012,P016,purchase
evt-00138,2026-01-01T09:39:06+00:00,u012,P019,view
evt-00139,2026-01-01T09:39:23+00:00,u012,P014,purchase
evt-00140,2026-01-01T09:39:40+00:00,u012,P021,click
evt-00141,2026-01-01T09:39:57+00:00,u012,P020,click
evt-00142,2026-01-01T09:40:14+00:00,u012,P013,cart
evt-00143,2026-01-01T09:40:31+00:00,u012,P030,cart
evt-00144,2026-01-01T09:40:48+00:00,u012,P026,purchase
evt-00145,2026-01-01T09:41:05+00:00,u013,P030,cart
evt-00146,2026-01-01T09:41:22+00:00,u013,P026,cart
evt-00147,2026-01-01T09:41:39+00:00,u013,P036,view
evt-00148,2026-01-01T09:41:56+00:00,u013,P031,cart
evt-00149,2026-01-01T09:42:13+00:00,u013,P027,click
evt-00150,2026-01-01T09:42:30+00:00,u013,P028,click
evt-00151,2026-01-01T09:42:47+00:00,u013,P025,purchase
evt-00152,2026-01-01T09:43:04+00:00,u013,P029,cart
evt-00153,2026-01-01T09:43:21+00:00,u013,P034,click
evt-00154,2026-01-01T09:43:38+00:00,u013,P035,cart
evt-00155,2026-01-01T09:43:55+00:00,u013,P039,click
evt-00156,2026-01-01T09:44:12+00:00,u013,P037,cart
evt-00157,2026-01-01T09:44:29+00:00,u014,P038,cart
evt-00158,2026-01-01T09:44:46+00:00,u014,P037,cart
evt-00159,2026-01-01T09:45:03+00:00,u014,P044,purchase
evt-00160,2026-01-01T09:45:20+00:00,u014,P041,cart
evt-00161,2026-01-01T09:45:37+00:00,u014,P048,view
evt-00162,2026-01-01T09:45:54+00:00,u014,P046,view
evt-00163,2026-01-01T09:46:11+00:00,u014,P042,purchase
evt-00164,2026-01-01T09:46:28+00:00,u014,P045,click
evt-00165,2026-01-01T09:46:45+00:00,u014,P039,cart
evt-00166,2026-01-01T09:47:02+00:00,u014,P040,click
evt-00167,2026-01-01T09:47:19+00:00,u014,P051,cart
evt-00168,2026-01-01T09:47:36+00:00,u014,P055,cart
evt-00169,2026-01-01T09:47:53+00:00,u015,P050,view
evt-00170,2026-01-01T09:48:10+00:00,u015,P054,click
evt-00171,2026-01-01T09:48:27+00:00,u015,P053,click
evt-00172,2026-01-01T09:48:44+00:00,u015,P057,cart
evt-00173,2026-01-01T09:49:01+00:00,u015,P049,click
evt-00174,2026-01-01T09:49:18+00:00,u015,P051,click
evt-00175,2026-01-01T09:49:35+00:00,u015,P058,cart
evt-00176,2026-01-01T09:49:52+00:00,u015,P055,click
evt-00177,2026-01-01T09:50:09+00:00,u015,P060,click
evt-00178,2026-01-01T09:50:26+00:00,u015,P056,view
evt-00179,2026-01-01T09:50:43+00:00,u015,P008,view
evt-00180,2026-01-01T09:51:00+00:00,u015,P005,click
evt-00181,2026-01-01T09:51:17+00:00,u016,P005,view
evt-00182,2026-01-01T09:51:34+00:00,u016,P009,click
evt-00183,2026-01-01T09:51:51+00:00,u016,P003,purchase
evt-00184,2026-01-01T09:52:08+00:00,u016,P008,purchase
evt-00185,2026-01-01T09:52:25+00:00,u016,P006,view
evt-00186,2026-01-01T09:52:42+00:00,u016,P012,view
evt-00187,2026-01-01T09:52:59+00:00,u016,P011,cart
evt-00188,2026-01-01T09:53:16+00:00,u016,P001,click
evt-00189,2026-01-01T09:53:33+00:00,u016,P010,click
evt-00190,2026-01-01T09:53:50+00:00,u016,P004,click
evt-00191,2026-01-01T09:54:07+00:00,u016,P023,view
evt-00192,2026-01-01T09:54:24+00:00,u016,P014,click
evt-00193,2026-01-01T09:54:41+00:00,u017,P022,purchase
evt-00194,2026-01-01T09:54:58+00:00,u017,P021,click
evt-00195,2026-01-01T09:55:15+00:00,u017,P017,cart
evt-00196,2026-01-01T09:55:32+00:00,u017,P015,click
evt-00197,2026-01-01T09:55:49+00:00,u017,P020,view
evt-00198,2026-01-01T09:56:06+00:00,u017,P013,click
evt-00199,2026-01-01T09:56:23+00:00,u017,P014,click
evt-00200,2026-01-01T09:56:40+00:00,u017,P024,view
evt-00201,2026-01-01T09:56:57+00:00,u017,P019,click
evt-00202,2026-01-01T09:57:14+00:00,u017,P023,view
evt-00203,2026-01-01T09:57:31+00:00,u017,P027,click
evt-00204,2026-01-01T09:57:48+00:00,u017,P034,click
evt-00205,2026-01-01T09:58:05+00:00,u018,P032,cart
evt-00206,2026-01-01T09:58:22+00:00,u018,P035,view
evt-00207,2026-01-01T09:58:39+00:00,u018,P026,click
evt-00208,2026-01-01T09:58:56+00:00,u018,P025,click
evt-00209,2026-01-01T09:59:13+00:00,u018,P027,click
evt-00210,2026-01-01T09:59:30+00:00,u018,P036,view
evt-00211,2026-01-01T09:59:47+00:00,u018,P029,purchase
evt-00212,2026-01-01T10:00:04+00:00,u018,P028,purchase
evt-00213,2026-01-01T10:00:21+00:00,u018,P033,click
evt-00214,2026-01-01T10:00:38+00:00,u018,P034,click
evt-00215,2026-01-01T10:00:55+00:00,u018,P044,click
evt-00216,2026-01-01T10:01:12+00:00,u018,P040,cart
evt-00217,2026-01-01T10:01:29+00:00,u019,P039,click
evt-00218,2026-01-01T10:01:46+00:00,u019,P046,cart
evt-00219,2026-01-01T10:02:03+00:00,u019,P037,click
evt-00220,2026-01-01T10:02:20+00:00,u019,P047,view
evt-00221,2026-01-01T10:02:37+00:00,u019,P045,view
evt-00222,2026-01-01T10:02:54+00:00,u019,P040,view
evt-00223,2026-01-01T10:03:11+00:00,u019,P043,purchase
evt-00224,2026-01-01T10:03:28+00:00,u019,P044,click
evt-00225,2026-01-01T10:03:45+00:00,u019,P042,click
evt-00226,2026-01-01T10:04:02+00:00,u019,P041,view
evt-00227,2026-01-01T10:04:19+00:00,u019,P054,click
evt-00228,2026-01-01T10:04:36+00:00,u019,P060,click
evt-00229,2026-01-01T10:04:53+00:00,u020,P050,cart
evt-00230,2026-01-01T10:05:10+00:00,u020,P054,purchase
evt-00231,2026-01-01T10:05:27+00:00,u020,P060,cart
evt-00232,2026-01-01T10:05:44+00:00,u020,P058,click
evt-00233,2026-01-01T10:06:01+00:00,u020,P056,view
evt-00234,2026-01-01T10:06:18+00:00,u020,P057,purchase
evt-00235,2026-01-01T10:06:35+00:00,u020,P052,click
evt-00236,2026-01-01T10:06:52+00:00,u020,P049,cart
evt-00237,2026-01-01T10:07:09+00:00,u020,P059,purchase
evt-00238,2026-01-01T10:07:26+00:00,u020,P051,click
evt-00239,2026-01-01T10:07:43+00:00,u020,P003,view
evt-00240,2026-01-01T10:08:00+00:00,u020,P004,view
evt-00241,2026-01-01T10:08:17+00:00,u021,P001,click
evt-00242,2026-01-01T10:08:34+00:00,u021,P003,cart
evt-00243,2026-01-01T10:08:51+00:00,u021,P011,view
evt-00244,2026-01-01T10:09:08+00:00,u021,P006,purchase
evt-00245,2026-01-01T10:09:25+00:00,u021,P005,cart
evt-00246,2026-01-01T10:09:42+00:00,u021,P009,purchase
evt-00247,2026-01-01T10:09:59+00:00,u021,P008,cart
evt-00248,2026-01-01T10:10:16+00:00,u021,P002,view
evt-00249,2026-01-01T10:10:33+00:00,u021,P007,purchase
evt-00250,2026-01-01T10:10:50+00:00,u021,P004,purchase
evt-00251,2026-01-01T10:11:07+00:00,u021,P015,cart
evt-00252,2026-01-01T10:11:24+00:00,u021,P017,click
evt-00253,2026-01-01T10:11:41+00:00,u022,P018,view
evt-00254,2026-01-01T10:11:58+00:00,u022,P013,cart
evt-00255,2026-01-01T10:12:15+00:00,u022,P019,view
evt-00256,2026-01-01T10:12:32+00:00,u022,P023,view
evt-00257,2026-01-01T10:12:49+00:00,u022,P017,view
evt-00258,2026-01-01T10:13:06+00:00,u022,P024,view
evt-00259,2026-01-01T10:13:23+00:00,u022,P014,click
evt-00260,2026-01-01T10:13:40+00:00,u022,P016,click
evt-00261,2026-01-01T10:13:57+00:00,u022,P021,click
evt-00262,2026-01-01T10:14:14+00:00,u022,P022,click
evt-00263,2026-01-01T10:14:31+00:00,u022,P028,click
evt-00264,2026-01-01T10:14:48+00:00,u022,P034,view
evt-00265,2026-01-01T10:15:05+00:00,u023,P026,click
evt-00266,2026-01-01T10:15:22+00:00,u023,P035,click
evt-00267,2026-01-01T10:15:39+00:00,u023,P028,cart
evt-00268,2026-01-01T10:15:56+00:00,u023,P031,view
evt-00269,2026-01-01T10:16:13+00:00,u023,P030,view
evt-00270,2026-01-01T10:16:30+00:00,u023,P032,view
evt-00271,2026-01-01T10:16:47+00:00,u023,P033,click
evt-00272,2026-01-01T10:17:04+00:00,u023,P027,view
evt-00273,2026-01-01T10:17:21+00:00,u023,P034,view
evt-00274,2026-01-01T10:17:38+00:00,u023,P029,cart
evt-00275,2026-01-01T10:17:55+00:00,u023,P045,purchase
evt-00276,2026-01-01T10:18:12+00:00,u023,P048,click
evt-00277,2026-01-01T10:18:29+00:00,u024,P043,view
evt-00278,2026-01-01T10:18:46+00:00,u024,P041,click
evt-00279,2026-01-01T10:19:03+00:00,u024,P040,click
evt-00280,2026-01-01T10:19:20+00:00,u024,P038,view
evt-00281,2026-01-01T10:19:37+00:00,u024,P039,click
evt-00282,2026-01-01T10:19:54+00:00,u024,P045,purchase
evt-00283,2026-01-01T10:20:11+00:00,u024,P046,click
evt-00284,2026-01-01T10:20:28+00:00,u024,P047,purchase
evt-00285,2026-01-01T10:20:45+00:00,u024,P037,click
evt-00286,2026-01-01T10:21:02+00:00,u024,P042,cart
evt-00287,2026-01-01T10:21:19+00:00,u024,P054,click
evt-00288,2026-01-01T10:21:36+00:00,u024,P050,click
evt-00289,2026-01-01T10:21:53+00:00,u025,P054,view
evt-00290,2026-01-01T10:22:10+00:00,u025,P051,view
evt-00291,2026-01-01T10:22:27+00:00,u025,P052,purchase
evt-00292,2026-01-01T10:22:44+00:00,u025,P050,click
evt-00293,2026-01-01T10:23:01+00:00,u025,P053,view
evt-00294,2026-01-01T10:23:18+00:00,u025,P055,click
evt-00295,2026-01-01T10:23:35+00:00,u025,P049,click
evt-00296,2026-01-01T10:23:52+00:00,u025,P058,view
evt-00297,2026-01-01T10:24:09+00:00,u025,P059,purchase
evt-00298,2026-01-01T10:24:26+00:00,u025,P057,click
evt-00299,2026-01-01T10:24:43+00:00,u025,P012,view
evt-00300,2026-01-01T10:25:00+00:00,u025,P008,view
evt-00301,2026-01-01T10:25:17+00:00,u026,P012,purchase
evt-00302,2026-01-01T10:25:34+00:00,u026,P003,purchase
evt-00303,2026-01-01T10:25:51+00:00,u026,P001,click
evt-00304,2026-01-01T10:26:08+00:00,u026,P002,view
evt-00305,2026-01-01T10:26:25+00:00,u026,P006,purchase
evt-00306,2026-01-01T10:26:42+00:00,u026,P011,click
evt-00307,2026-01-01T10:26:59+00:00,u026,P005,click
evt-00308,2026-01-01T10:27:16+00:00,u026,P009,view
evt-00309,2026-01-01T10:27:33+00:00,u026,P008,purchase
evt-00310,2026-01-01T10:27:50+00:00,u026,P010,cart
evt-00311,2026-01-01T10:28:07+00:00,u026,P019,click
evt-00312,2026-01-01T10:28:24+00:00,u026,P013,view
evt-00313,2026-01-01T10:28:41+00:00,u027,P022,click
evt-00314,2026-01-01T10:28:58+00:00,u027,P016,cart
evt-00315,2026-01-01T10:29:15+00:00,u027,P023,cart
evt-00316,2026-01-01T10:29:32+00:00,u027,P014,click
evt-00317,2026-01-01T10:29:49+00:00,u027,P018,view
evt-00318,2026-01-01T10:30:06+00:00,u027,P015,click
evt-00319,2026-01-01T10:30:23+00:00,u027,P013,click
evt-00320,2026-01-01T10:30:40+00:00,u027,P017,view
evt-00321,2026-01-01T10:30:57+00:00,u027,P021,click
evt-00322,2026-01-01T10:31:14+00:00,u027,P019,click
evt-00323,2026-01-01T10:31:31+00:00,u027,P034,purchase
evt-00324,2026-01-01T10:31:48+00:00,u027,P031,view
evt-00325,2026-01-01T10:32:05+00:00,u028,P028,view
evt-00326,2026-01-01T10:32:22+00:00,u028,P031,click
evt-00327,2026-01-01T10:32:39+00:00,u028,P030,view
evt-00328,2026-01-01T10:32:56+00:00,u028,P032,cart
evt-00329,2026-01-01T10:33:13+00:00,u028,P035,view
evt-00330,2026-01-01T10:33:30+00:00,u028,P029,view
evt-00331,2026-01-01T10:33:47+00:00,u028,P025,click
evt-00332,2026-01-01T10:34:04+00:00,u028,P033,click
evt-00333,2026-01-01T10:34:21+00:00,u028,P036,view
evt-00334,2026-01-01T10:34:38+00:00,u028,P027,view
evt-00335,2026-01-01T10:34:55+00:00,u028,P043,cart
evt-00336,2026-01-01T10:35:12+00:00,u028,P038,click
evt-00337,2026-01-01T10:35:29+00:00,u029,P048,cart
evt-00338,2026-01-01T10:35:46+00:00,u029,P044,click
evt-00339,2026-01-01T10:36:03+00:00,u029,P037,click
evt-00340,2026-01-01T10:36:20+00:00,u029,P041,purchase
evt-00341,2026-01-01T10:36:37+00:00,u029,P040,cart
evt-00342,2026-01-01T10:36:54+00:00,u029,P039,purchase
evt-00343,2026-01-01T10:37:11+00:00,u029,P046,purchase
evt-00344,2026-01-01T10:37:28+00:00,u029,P047,click
evt-00345,2026-01-01T10:37:45+00:00,u029,P038,view
evt-00346,2026-01-01T10:38:02+00:00,u029,P045,cart
evt-00347,2026-01-01T10:38:19+00:00,u029,P059,view
evt-00348,2026-01-01T10:38:36+00:00,u029,P056,view
evt-00349,2026-01-01T10:38:53+00:00,u030,P058,view
evt-00350,2026-01-01T10:39:10+00:00,u030,P049,view
evt-00351,2026-01-01T10:39:27+00:00,u030,P059,click
evt-00352,2026-01-01T10:39:44+00:00,u030,P050,purchase
evt-00353,2026-01-01T10:40:01+00:00,u030,P055,view
evt-00354,2026-01-01T10:40:18+00:00,u030,P057,purchase
evt-00355,2026-01-01T10:40:35+00:00,u030,P053,view
evt-00356,2026-01-01T10:40:52+00:00,u030,P052,view
evt-00357,2026-01-01T10:41:09+00:00,u030,P056,click
evt-00358,2026-01-01T10:41:26+00:00,u030,P060,cart
evt-00359,2026-01-01T10:41:43+00:00,u030,P010,view
evt-00360,2026-01-01T10:42:00+00:00,u030,P002,cart
evt-00361,2026-01-01T10:42:17+00:00,u031,P001,click
evt-00362,2026-01-01T10:42:34+00:00,u031,P012,cart
evt-00363,2026-01-01T10:42:51+00:00,u031,P002,click
evt-00364,2026-01-01T10:43:08+00:00,u031,P011,click
evt-00365,2026-01-01T10:43:25+00:00,u031,P010,cart
evt-00366,2026-01-01T10:43:42+00:00,u031,P006,purchase
evt-00367,2026-01-01T10:43:59+00:00,u031,P003,view
evt-00368,2026-01-01T10:44:16+00:00,u031,P005,purchase
evt-00369,2026-01-01T10:44:33+00:00,u031,P004,purchase
evt-00370,2026-01-01T10:44:50+00:00,u031,P009,view
evt-00371,2026-01-01T10:45:07+00:00,u031,P023,click
evt-00372,2026-01-01T10:45:24+00:00,u031,P022,click
evt-00373,2026-01-01T10:45:41+00:00,u032,P017,cart
evt-00374,2026-01-01T10:45:58+00:00,u032,P020,view
evt-00375,2026-01-01T10:46:15+00:00,u032,P022,purchase
evt-00376,2026-01-01T10:46:32+00:00,u032,P018,view
evt-00377,2026-01-01T10:46:49+00:00,u032,P014,click
evt-00378,2026-01-01T10:47:06+00:00,u032,P015,click
evt-00379,2026-01-01T10:47:23+00:00,u032,P019,click
evt-00380,2026-01-01T10:47:40+00:00,u032,P016,click
evt-00381,2026-01-01T10:47:57+00:00,u032,P013,click
evt-00382,2026-01-01T10:48:14+00:00,u032,P024,click
evt-00383,2026-01-01T10:48:31+00:00,u032,P030,view
evt-00384,2026-01-01T10:48:48+00:00,u032,P026,view
evt-00385,2026-01-01T10:49:05+00:00,u033,P026,click
evt-00386,2026-01-01T10:49:22+00:00,u033,P033,cart
evt-00387,2026-01-01T10:49:39+00:00,u033,P027,purchase
evt-00388,2026-01-01T10:49:56+00:00,u033,P025,click
evt-00389,2026-01-01T10:50:13+00:00,u033,P035,cart
evt-00390,2026-01-01T10:50:30+00:00,u033,P031,click
evt-00391,2026-01-01T10:50:47+00:00,u033,P030,view
evt-00392,2026-01-01T10:51:04+00:00,u033,P036,cart
evt-00393,2026-01-01T10:51:21+00:00,u033,P032,click
evt-00394,2026-01-01T10:51:38+00:00,u033,P029,view
evt-00395,2026-01-01T10:51:55+00:00,u033,P042,view
evt-00396,2026-01-01T10:52:12+00:00,u033,P037,purchase
evt-00397,2026-01-01T10:52:29+00:00,u034,P043,purchase
evt-00398,2026-01-01T10:52:46+00:00,u034,P037,click
evt-00399,2026-01-01T10:53:03+00:00,u034,P042,click
evt-00400,2026-01-01T10:53:20+00:00,u034,P048,cart
evt-00401,2026-01-01T10:53:37+00:00,u034,P040,click
evt-00402,2026-01-01T10:53:54+00:00,u034,P047,click
evt-00403,2026-01-01T10:54:11+00:00,u034,P045,click
evt-00404,2026-01-01T10:54:28+00:00,u034,P041,cart
evt-00405,2026-01-01T10:54:45+00:00,u034,P039,click
evt-00406,2026-01-01T10:55:02+00:00,u034,P046,cart
evt-00407,2026-01-01T10:55:19+00:00,u034,P055,view
evt-00408,2026-01-01T10:55:36+00:00,u034,P051,click
evt-00409,2026-01-01T10:55:53+00:00,u035,P055,view
evt-00410,2026-01-01T10:56:10+00:00,u035,P060,click
evt-00411,2026-01-01T10:56:27+00:00,u035,P050,click
evt-00412,2026-01-01T10:56:44+00:00,u035,P058,click
evt-00413,2026-01-01T10:57:01+00:00,u035,P052,click
evt-00414,2026-01-01T10:57:18+00:00,u035,P054,cart
evt-00415,2026-01-01T10:57:35+00:00,u035,P056,click
evt-00416,2026-01-01T10:57:52+00:00,u035,P051,cart
evt-00417,2026-01-01T10:58:09+00:00,u035,P053,click
evt-00418,2026-01-01T10:58:26+00:00,u035,P057,view
evt-00419,2026-01-01T10:58:43+00:00,u035,P011,view
evt-00420,2026-01-01T10:59:00+00:00,u035,P007,cart
evt-00421,2026-01-01T10:59:17+00:00,u036,P007,purchase
evt-00422,2026-01-01T10:59:34+00:00,u036,P004,click
evt-00423,2026-01-01T10:59:51+00:00,u036,P011,view
evt-00424,2026-01-01T11:00:08+00:00,u036,P009,click
evt-00425,2026-01-01T11:00:25+00:00,u036,P008,cart
evt-00426,2026-01-01T11:00:42+00:00,u036,P003,click
evt-00427,2026-01-01T11:00:59+00:00,u036,P001,view
evt-00428,2026-01-01T11:01:16+00:00,u036,P005,click
evt-00429,2026-01-01T11:01:33+00:00,u036,P012,view
evt-00430,2026-01-01T11:01:50+00:00,u036,P002,click
evt-00431,2026-01-01T11:02:07+00:00,u036,P022,click
evt-00432,2026-01-01T11:02:24+00:00,u036,P015,click
evt-00433,2026-01-01T11:02:41+00:00,u037,P021,view
evt-00434,2026-01-01T11:02:58+00:00,u037,P014,click
evt-00435,2026-01-01T11:03:15+00:00,u037,P022,purchase
evt-00436,2026-01-01T11:03:32+00:00,u037,P023,purchase
evt-00437,2026-01-01T11:03:49+00:00,u037,P016,purchase
evt-00438,2026-01-01T11:04:06+00:00,u037,P018,view
evt-00439,2026-01-01T11:04:23+00:00,u037,P013,view
evt-00440,2026-01-01T11:04:40+00:00,u037,P015,click
evt-00441,2026-01-01T11:04:57+00:00,u037,P024,cart
evt-00442,2026-01-01T11:05:14+00:00,u037,P017,purchase
evt-00443,2026-01-01T11:05:31+00:00,u037,P028,view
evt-00444,2026-01-01T11:05:48+00:00,u037,P032,click
evt-00445,2026-01-01T11:06:05+00:00,u038,P032,click
evt-00446,2026-01-01T11:06:22+00:00,u038,P028,click
evt-00447,2026-01-01T11:06:39+00:00,u038,P036,cart
evt-00448,2026-01-01T11:06:56+00:00,u038,P034,cart
evt-00449,2026-01-01T11:07:13+00:00,u038,P026,cart
evt-00450,2026-01-01T11:07:30+00:00,u038,P035,purchase
evt-00451,2026-01-01T11:07:47+00:00,u038,P029,cart
evt-00452,2026-01-01T11:08:04+00:00,u038,P025,click
evt-00453,2026-01-01T11:08:21+00:00,u038,P033,view
evt-00454,2026-01-01T11:08:38+00:00,u038,P031,click
evt-00455,2026-01-01T11:08:55+00:00,u038,P046,click
evt-00456,2026-01-01T11:09:12+00:00,u038,P043,click
evt-00457,2026-01-01T11:09:29+00:00,u039,P038,click
evt-00458,2026-01-01T11:09:46+00:00,u039,P040,click
evt-00459,2026-01-01T11:10:03+00:00,u039,P043,view
evt-00460,2026-01-01T11:10:20+00:00,u039,P044,view
evt-00461,2026-01-01T11:10:37+00:00,u039,P039,purchase
evt-00462,2026-01-01T11:10:54+00:00,u039,P037,click
evt-00463,2026-01-01T11:11:11+00:00,u039,P041,click
evt-00464,2026-01-01T11:11:28+00:00,u039,P046,cart
evt-00465,2026-01-01T11:11:45+00:00,u039,P045,cart
evt-00466,2026-01-01T11:12:02+00:00,u039,P047,cart
evt-00467,2026-01-01T11:12:19+00:00,u039,P059,cart
evt-00468,2026-01-01T11:12:36+00:00,u039,P055,purchase
evt-00469,2026-01-01T11:12:53+00:00,u040,P056,purchase
evt-00470,2026-01-01T11:13:10+00:00,u040,P060,view
evt-00471,2026-01-01T11:13:27+00:00,u040,P051,purchase
evt-00472,2026-01-01T11:13:44+00:00,u040,P055,click
evt-00473,2026-01-01T11:14:01+00:00,u040,P052,purchase
evt-00474,2026-01-01T11:14:18+00:00,u040,P054,view
evt-00475,2026-01-01T11:14:35+00:00,u040,P058,view
evt-00476,2026-01-01T11:14:52+00:00,u040,P050,click
evt-00477,2026-01-01T11:15:09+00:00,u040,P049,view
evt-00478,2026-01-01T11:15:26+00:00,u040,P057,purchase
evt-00479,2026-01-01T11:15:43+00:00,u040,P005,purchase
evt-00480,2026-01-01T11:16:00+00:00,u040,P003,purchase
evt-00481,2026-01-01T11:16:17+00:00,u041,P002,view
evt-00482,2026-01-01T11:16:34+00:00,u041,P005,click
evt-00483,2026-01-01T11:16:51+00:00,u041,P008,cart
evt-00484,2026-01-01T11:17:08+00:00,u041,P007,view
evt-00485,2026-01-01T11:17:25+00:00,u041,P009,view
evt-00486,2026-01-01T11:17:42+00:00,u041,P003,click
evt-00487,2026-01-01T11:17:59+00:00,u041,P011,view
evt-00488,2026-01-01T11:18:16+00:00,u041,P010,purchase
evt-00489,2026-01-01T11:18:33+00:00,u041,P012,view
evt-00490,2026-01-01T11:18:50+00:00,u041,P001,view
evt-00491,2026-01-01T11:19:07+00:00,u041,P019,view
evt-00492,2026-01-01T11:19:24+00:00,u041,P013,click
evt-00493,2026-01-01T11:19:41+00:00,u042,P021,click
evt-00494,2026-01-01T11:19:58+00:00,u042,P015,cart
evt-00495,2026-01-01T11:20:15+00:00,u042,P017,purchase
evt-00496,2026-01-01T11:20:32+00:00,u042,P024,click
evt-00497,2026-01-01T11:20:49+00:00,u042,P014,view
evt-00498,2026-01-01T11:21:06+00:00,u042,P023,cart
evt-00499,2026-01-01T11:21:23+00:00,u042,P016,click
evt-00500,2026-01-01T11:21:40+00:00,u042,P013,purchase
evt-00501,2026-01-01T11:21:57+00:00,u042,P022,click
evt-00502,2026-01-01T11:22:14+00:00,u042,P018,cart
evt-00503,2026-01-01T11:22:31+00:00,u042,P025,view
evt-00504,2026-01-01T11:22:48+00:00,u042,P034,view
evt-00505,2026-01-01T11:23:05+00:00,u043,P028,cart
evt-00506,2026-01-01T11:23:22+00:00,u043,P029,cart
evt-00507,2026-01-01T11:23:39+00:00,u043,P036,click
evt-00508,2026-01-01T11:23:56+00:00,u043,P030,view
evt-00509,2026-01-01T11:24:13+00:00,u043,P034,click
evt-00510,2026-01-01T11:24:30+00:00,u043,P033,view
evt-00511,2026-01-01T11:24:47+00:00,u043,P032,view
evt-00512,2026-01-01T11:25:04+00:00,u043,P026,click
evt-00513,2026-01-01T11:25:21+00:00,u043,P035,click
evt-00514,2026-01-01T11:25:38+00:00,u043,P031,click
evt-00515,2026-01-01T11:25:55+00:00,u043,P044,click
evt-00516,2026-01-01T11:26:12+00:00,u043,P043,view
evt-00517,2026-01-01T11:26:29+00:00,u044,P037,view
evt-00518,2026-01-01T11:26:46+00:00,u044,P039,click
evt-00519,2026-01-01T11:27:03+00:00,u044,P040,click
evt-00520,2026-01-01T11:27:20+00:00,u044,P047,click
evt-00521,2026-01-01T11:27:37+00:00,u044,P041,click
evt-00522,2026-01-01T11:27:54+00:00,u044,P045,cart
evt-00523,2026-01-01T11:28:11+00:00,u044,P044,purchase
evt-00524,2026-01-01T11:28:28+00:00,u044,P046,click
evt-00525,2026-01-01T11:28:45+00:00,u044,P043,click
evt-00526,2026-01-01T11:29:02+00:00,u044,P038,click
evt-00527,2026-01-01T11:29:19+00:00,u044,P051,purchase
evt-00528,2026-01-01T11:29:36+00:00,u044,P054,purchase
evt-00529,2026-01-01T11:29:53+00:00,u045,P052,view
evt-00530,2026-01-01T11:30:10+00:00,u045,P051,cart
evt-00531,2026-01-01T11:30:27+00:00,u045,P053,click
evt-00532,2026-01-01T11:30:44+00:00,u045,P049,click
evt-00533,2026-01-01T11:31:01+00:00,u045,P059,view
evt-00534,2026-01-01T11:31:18+00:00,u045,P056,view
evt-00535,2026-01-01T11:31:35+00:00,u045,P054,view
evt-00536,2026-01-01T11:31:52+00:00,u045,P057,view
evt-00537,2026-01-01T11:32:09+00:00,u045,P060,purchase
evt-00538,2026-01-01T11:32:26+00:00,u045,P055,cart
evt-00539,2026-01-01T11:32:43+00:00,u045,P004,click
evt-00540,2026-01-01T11:33:00+00:00,u045,P008,view
evt-00541,2026-01-01T11:33:17+00:00,u046,P004,click
evt-00542,2026-01-01T11:33:34+00:00,u046,P006,cart
evt-00543,2026-01-01T11:33:51+00:00,u046,P010,click
evt-00544,2026-01-01T11:34:08+00:00,u046,P001,click
evt-00545,2026-01-01T11:34:25+00:00,u046,P003,click
evt-00546,2026-01-01T11:34:42+00:00,u046,P009,click
evt-00547,2026-01-01T11:34:59+00:00,u046,P007,cart
evt-00548,2026-01-01T11:35:16+00:00,u046,P002,view
evt-00549,2026-01-01T11:35:33+00:00,u046,P012,view
evt-00550,2026-01-01T11:35:50+00:00,u046,P008,click
evt-00551,2026-01-01T11:36:07+00:00,u046,P015,click
evt-00552,2026-01-01T11:36:24+00:00,u046,P022,click
evt-00553,2026-01-01T11:36:41+00:00,u047,P014,cart
evt-00554,2026-01-01T11:36:58+00:00,u047,P023,click
evt-00555,2026-01-01T11:37:15+00:00,u047,P021,click
evt-00556,2026-01-01T11:37:32+00:00,u047,P017,click
evt-00557,2026-01-01T11:37:49+00:00,u047,P015,click
evt-00558,2026-01-01T11:38:06+00:00,u047,P019,click
evt-00559,2026-01-01T11:38:23+00:00,u047,P018,cart
evt-00560,2026-01-01T11:38:40+00:00,u047,P022,cart
evt-00561,2026-01-01T11:38:57+00:00,u047,P016,click
evt-00562,2026-01-01T11:39:14+00:00,u047,P024,view
evt-00563,2026-01-01T11:39:31+00:00,u047,P036,view
evt-00564,2026-01-01T11:39:48+00:00,u047,P028,click
evt-00565,2026-01-01T11:40:05+00:00,u048,P025,click
evt-00566,2026-01-01T11:40:22+00:00,u048,P035,view
evt-00567,2026-01-01T11:40:39+00:00,u048,P027,click
evt-00568,2026-01-01T11:40:56+00:00,u048,P026,click
evt-00569,2026-01-01T11:41:13+00:00,u048,P034,click
evt-00570,2026-01-01T11:41:30+00:00,u048,P029,cart
evt-00571,2026-01-01T11:41:47+00:00,u048,P030,click
evt-00572,2026-01-01T11:42:04+00:00,u048,P032,cart
evt-00573,2026-01-01T11:42:21+00:00,u048,P036,click
evt-00574,2026-01-01T11:42:38+00:00,u048,P028,view
evt-00575,2026-01-01T11:42:55+00:00,u048,P041,view
evt-00576,2026-01-01T11:43:12+00:00,u048,P040,cart
evt-00577,2026-01-01T11:43:29+00:00,u049,P042,click
evt-00578,2026-01-01T11:43:46+00:00,u049,P043,view
evt-00579,2026-01-01T11:44:03+00:00,u049,P040,cart
evt-00580,2026-01-01T11:44:20+00:00,u049,P047,view
evt-00581,2026-01-01T11:44:37+00:00,u049,P041,click
evt-00582,2026-01-01T11:44:54+00:00,u049,P039,cart
evt-00583,2026-01-01T11:45:11+00:00,u049,P046,view
evt-00584,2026-01-01T11:45:28+00:00,u049,P044,purchase
evt-00585,2026-01-01T11:45:45+00:00,u049,P045,cart
evt-00586,2026-01-01T11:46:02+00:00,u049,P038,view
evt-00587,2026-01-01T11:46:19+00:00,u049,P059,click
evt-00588,2026-01-01T11:46:36+00:00,u049,P050,purchase
evt-00589,2026-01-01T11:46:53+00:00,u050,P057,cart
evt-00590,2026-01-01T11:47:10+00:00,u050,P052,view
evt-00591,2026-01-01T11:47:27+00:00,u050,P053,cart
evt-00592,2026-01-01T11:47:44+00:00,u050,P055,view
evt-00593,2026-01-01T11:48:01+00:00,u050,P051,view
evt-00594,2026-01-01T11:48:18+00:00,u050,P056,cart
evt-00595,2026-01-01T11:48:35+00:00,u050,P060,view
evt-00596,2026-01-01T11:48:52+00:00,u050,P050,view
evt-00597,2026-01-01T11:49:09+00:00,u050,P058,cart
evt-00598,2026-01-01T11:49:26+00:00,u050,P059,cart
evt-00599,2026-01-01T11:49:43+00:00,u050,P006,click
evt-00600,2026-01-01T11:50:00+00:00,u050,P003,click
evt-00601,2026-01-01T11:50:17+00:00,u051,P011,view
evt-00602,2026-01-01T11:50:34+00:00,u051,P003,view
evt-00603,2026-01-01T11:50:51+00:00,u051,P009,click
evt-00604,2026-01-01T11:51:08+00:00,u051,P004,click
evt-00605,2026-01-01T11:51:25+00:00,u051,P008,click
evt-00606,2026-01-01T11:51:42+00:00,u051,P001,cart
evt-00607,2026-01-01T11:51:59+00:00,u051,P007,purchase
evt-00608,2026-01-01T11:52:16+00:00,u051,P005,view
evt-00609,2026-01-01T11:52:33+00:00,u051,P002,click
evt-00610,2026-01-01T11:52:50+00:00,u051,P006,click
evt-00611,2026-01-01T11:53:07+00:00,u051,P021,view
evt-00612,2026-01-01T11:53:24+00:00,u051,P013,cart
evt-00613,2026-01-01T11:53:41+00:00,u052,P013,view
evt-00614,2026-01-01T11:53:58+00:00,u052,P019,click
evt-00615,2026-01-01T11:54:15+00:00,u052,P017,purchase
evt-00616,2026-01-01T11:54:32+00:00,u052,P024,view
evt-00617,2026-01-01T11:54:49+00:00,u052,P022,click
evt-00618,2026-01-01T11:55:06+00:00,u052,P016,cart
evt-00619,2026-01-01T11:55:23+00:00,u052,P020,cart
evt-00620,2026-01-01T11:55:40+00:00,u052,P018,click
evt-00621,2026-01-01T11:55:57+00:00,u052,P023,click
evt-00622,2026-01-01T11:56:14+00:00,u052,P014,view
evt-00623,2026-01-01T11:56:31+00:00,u052,P036,cart
evt-00624,2026-01-01T11:56:48+00:00,u052,P030,click
evt-00625,2026-01-01T11:57:05+00:00,u053,P029,view
evt-00626,2026-01-01T11:57:22+00:00,u053,P030,cart
evt-00627,2026-01-01T11:57:39+00:00,u053,P031,click
evt-00628,2026-01-01T11:57:56+00:00,u053,P027,purchase
evt-00629,2026-01-01T11:58:13+00:00,u053,P028,view
evt-00630,2026-01-01T11:58:30+00:00,u053,P034,cart
evt-00631,2026-01-01T11:58:47+00:00,u053,P033,click
evt-00632,2026-01-01T11:59:04+00:00,u053,P025,view
evt-00633,2026-01-01T11:59:21+00:00,u053,P026,view
evt-00634,2026-01-01T11:59:38+00:00,u053,P035,cart
evt-00635,2026-01-01T11:59:55+00:00,u053,P040,click
evt-00636,2026-01-01T12:00:12+00:00,u053,P038,purchase
evt-00637,2026-01-01T12:00:29+00:00,u054,P045,cart
evt-00638,2026-01-01T12:00:46+00:00,u054,P042,purchase
evt-00639,2026-01-01T12:01:03+00:00,u054,P038,view
evt-00640,2026-01-01T12:01:20+00:00,u054,P041,click
evt-00641,2026-01-01T12:01:37+00:00,u054,P047,purchase
evt-00642,2026-01-01T12:01:54+00:00,u054,P048,view
evt-00643,2026-01-01T12:02:11+00:00,u054,P037,view
evt-00644,2026-01-01T12:02:28+00:00,u054,P039,view
evt-00645,2026-01-01T12:02:45+00:00,u054,P046,click
evt-00646,2026-01-01T12:03:02+00:00,u054,P043,purchase
evt-00647,2026-01-01T12:03:19+00:00,u054,P052,cart
evt-00648,2026-01-01T12:03:36+00:00,u054,P057,purchase
evt-00649,2026-01-01T12:03:53+00:00,u055,P052,click
evt-00650,2026-01-01T12:04:10+00:00,u055,P060,click
evt-00651,2026-01-01T12:04:27+00:00,u055,P059,purchase
evt-00652,2026-01-01T12:04:44+00:00,u055,P049,view
evt-00653,2026-01-01T12:05:01+00:00,u055,P053,click
evt-00654,2026-01-01T12:05:18+00:00,u055,P056,cart
evt-00655,2026-01-01T12:05:35+00:00,u055,P051,click
evt-00656,2026-01-01T12:05:52+00:00,u055,P055,cart
evt-00657,2026-01-01T12:06:09+00:00,u055,P057,click
evt-00658,2026-01-01T12:06:26+00:00,u055,P054,click
evt-00659,2026-01-01T12:06:43+00:00,u055,P006,view
evt-00660,2026-01-01T12:07:00+00:00,u055,P010,click
evt-00661,2026-01-01T12:07:17+00:00,u056,P011,view
evt-00662,2026-01-01T12:07:34+00:00,u056,P005,click
evt-00663,2026-01-01T12:07:51+00:00,u056,P012,cart
evt-00664,2026-01-01T12:08:08+00:00,u056,P010,view
evt-00665,2026-01-01T12:08:25+00:00,u056,P004,view
evt-00666,2026-01-01T12:08:42+00:00,u056,P001,purchase
evt-00667,2026-01-01T12:08:59+00:00,u056,P009,view
evt-00668,2026-01-01T12:09:16+00:00,u056,P007,view
evt-00669,2026-01-01T12:09:33+00:00,u056,P003,cart
evt-00670,2026-01-01T12:09:50+00:00,u056,P002,view
evt-00671,2026-01-01T12:10:07+00:00,u056,P019,view
evt-00672,2026-01-01T12:10:24+00:00,u056,P015,cart
evt-00673,2026-01-01T12:10:41+00:00,u057,P015,purchase
evt-00674,2026-01-01T12:10:58+00:00,u057,P013,cart
evt-00675,2026-01-01T12:11:15+00:00,u057,P014,purchase
evt-00676,2026-01-01T12:11:32+00:00,u057,P020,purchase
evt-00677,2026-01-01T12:11:49+00:00,u057,P017,click
evt-00678,2026-01-01T12:12:06+00:00,u057,P023,click
evt-00679,2026-01-01T12:12:23+00:00,u057,P016,purchase
evt-00680,2026-01-01T12:12:40+00:00,u057,P024,purchase
evt-00681,2026-01-01T12:12:57+00:00,u057,P021,click
evt-00682,2026-01-01T12:13:14+00:00,u057,P019,click
evt-00683,2026-01-01T12:13:31+00:00,u057,P029,view
evt-00684,2026-01-01T12:13:48+00:00,u057,P030,cart
evt-00685,2026-01-01T12:14:05+00:00,u058,P033,click
evt-00686,2026-01-01T12:14:22+00:00,u058,P036,click
evt-00687,2026-01-01T12:14:39+00:00,u058,P030,cart
evt-00688,2026-01-01T12:14:56+00:00,u058,P027,view
evt-00689,2026-01-01T12:15:13+00:00,u058,P029,click
evt-00690,2026-01-01T12:15:30+00:00,u058,P035,cart
evt-00691,2026-01-01T12:15:47+00:00,u058,P025,view
evt-00692,2026-01-01T12:16:04+00:00,u058,P026,cart
evt-00693,2026-01-01T12:16:21+00:00,u058,P032,view
evt-00694,2026-01-01T12:16:38+00:00,u058,P031,view
evt-00695,2026-01-01T12:16:55+00:00,u058,P043,cart
evt-00696,2026-01-01T12:17:12+00:00,u058,P045,click
evt-00697,2026-01-01T12:17:29+00:00,u059,P045,click
evt-00698,2026-01-01T12:17:46+00:00,u059,P043,cart
evt-00699,2026-01-01T12:18:03+00:00,u059,P037,cart
evt-00700,2026-01-01T12:18:20+00:00,u059,P042,click
evt-00701,2026-01-01T12:18:37+00:00,u059,P046,click
evt-00702,2026-01-01T12:18:54+00:00,u059,P047,view
evt-00703,2026-01-01T12:19:11+00:00,u059,P039,purchase
evt-00704,2026-01-01T12:19:28+00:00,u059,P044,purchase
evt-00705,2026-01-01T12:19:45+00:00,u059,P040,view
evt-00706,2026-01-01T12:20:02+00:00,u059,P038,view
evt-00707,2026-01-01T12:20:19+00:00,u059,P050,view
evt-00708,2026-01-01T12:20:36+00:00,u059,P052,cart
evt-00709,2026-01-01T12:20:53+00:00,u060,P058,click
evt-00710,2026-01-01T12:21:10+00:00,u060,P059,click
evt-00711,2026-01-01T12:21:27+00:00,u060,P049,purchase
evt-00712,2026-01-01T12:21:44+00:00,u060,P050,click
evt-00713,2026-01-01T12:22:01+00:00,u060,P054,click
evt-00714,2026-01-01T12:22:18+00:00,u060,P053,cart
evt-00715,2026-01-01T12:22:35+00:00,u060,P052,cart
evt-00716,2026-01-01T12:22:52+00:00,u060,P051,view
evt-00717,2026-01-01T12:23:09+00:00,u060,P055,cart
evt-00718,2026-01-01T12:23:26+00:00,u060,P057,view
evt-00719,2026-01-01T12:23:43+00:00,u060,P010,purchase
evt-00720,2026-01-01T12:24:00+00:00,u060,P004,view
evt-00721,2026-01-01T12:24:17+00:00,u061,P001,cart
evt-00722,2026-01-01T12:24:34+00:00,u061,P002,click
evt-00723,2026-01-01T12:24:51+00:00,u061,P003,cart
evt-00724,2026-01-01T12:25:08+00:00,u061,P004,click
evt-00725,2026-01-01T12:25:25+00:00,u061,P008,click
evt-00726,2026-01-01T12:25:42+00:00,u061,P005,cart
evt-00727,2026-01-01T12:25:59+00:00,u061,P011,cart
evt-00728,2026-01-01T12:26:16+00:00,u061,P012,view
evt-00729,2026-01-01T12:26:33+00:00,u061,P009,view
evt-00730,2026-01-01T12:26:50+00:00,u061,P007,view
evt-00731,2026-01-01T12:27:07+00:00,u061,P018,view
evt-00732,2026-01-01T12:27:24+00:00,u061,P023,click
evt-00733,2026-01-01T12:27:41+00:00,u062,P016,click
evt-00734,2026-01-01T12:27:58+00:00,u062,P021,purchase
evt-00735,2026-01-01T12:28:15+00:00,u062,P022,view
evt-00736,2026-01-01T12:28:32+00:00,u062,P023,purchase
evt-00737,2026-01-01T12:28:49+00:00,u062,P019,view
evt-00738,2026-01-01T12:29:06+00:00,u062,P020,cart
evt-00739,2026-01-01T12:29:23+00:00,u062,P013,click
evt-00740,2026-01-01T12:29:40+00:00,u062,P017,view
evt-00741,2026-01-01T12:29:57+00:00,u062,P024,purchase
evt-00742,2026-01-01T12:30:14+00:00,u062,P018,click
evt-00743,2026-01-01T12:30:31+00:00,u062,P028,purchase
evt-00744,2026-01-01T12:30:48+00:00,u062,P030,view
evt-00745,2026-01-01T12:31:05+00:00,u063,P029,view
evt-00746,2026-01-01T12:31:22+00:00,u063,P026,click
evt-00747,2026-01-01T12:31:39+00:00,u063,P036,click
evt-00748,2026-01-01T12:31:56+00:00,u063,P035,cart
evt-00749,2026-01-01T12:32:13+00:00,u063,P034,view
evt-00750,2026-01-01T12:32:30+00:00,u063,P025,purchase
evt-00751,2026-01-01T12:32:47+00:00,u063,P030,click
evt-00752,2026-01-01T12:33:04+00:00,u063,P033,click
evt-00753,2026-01-01T12:33:21+00:00,u063,P032,purchase
evt-00754,2026-01-01T12:33:38+00:00,u063,P027,view
evt-00755,2026-01-01T12:33:55+00:00,u063,P043,purchase
evt-00756,2026-01-01T12:34:12+00:00,u063,P037,purchase
evt-00757,2026-01-01T12:34:29+00:00,u064,P040,click
evt-00758,2026-01-01T12:34:46+00:00,u064,P047,cart
evt-00759,2026-01-01T12:35:03+00:00,u064,P046,cart
evt-00760,2026-01-01T12:35:20+00:00,u064,P044,click
evt-00761,2026-01-01T12:35:37+00:00,u064,P038,view
evt-00762,2026-01-01T12:35:54+00:00,u064,P042,cart
evt-00763,2026-01-01T12:36:11+00:00,u064,P045,cart
evt-00764,2026-01-01T12:36:28+00:00,u064,P039,view
evt-00765,2026-01-01T12:36:45+00:00,u064,P041,click
evt-00766,2026-01-01T12:37:02+00:00,u064,P037,click
evt-00767,2026-01-01T12:37:19+00:00,u064,P057,purchase
evt-00768,2026-01-01T12:37:36+00:00,u064,P056,cart
evt-00769,2026-01-01T12:37:53+00:00,u065,P058,cart
evt-00770,2026-01-01T12:38:10+00:00,u065,P055,purchase
evt-00771,2026-01-01T12:38:27+00:00,u065,P053,cart
evt-00772,2026-01-01T12:38:44+00:00,u065,P054,view
evt-00773,2026-01-01T12:39:01+00:00,u065,P049,click
evt-00774,2026-01-01T12:39:18+00:00,u065,P059,view
evt-00775,2026-01-01T12:39:35+00:00,u065,P052,click
evt-00776,2026-01-01T12:39:52+00:00,u065,P060,cart
evt-00777,2026-01-01T12:40:09+00:00,u065,P050,purchase
evt-00778,2026-01-01T12:40:26+00:00,u065,P057,cart
evt-00779,2026-01-01T12:40:43+00:00,u065,P006,purchase
evt-00780,2026-01-01T12:41:00+00:00,u065,P002,click
evt-00781,2026-01-01T12:41:17+00:00,u066,P001,view
evt-00782,2026-01-01T12:41:34+00:00,u066,P005,purchase
evt-00783,2026-01-01T12:41:51+00:00,u066,P008,view
evt-00784,2026-01-01T12:42:08+00:00,u066,P003,purchase
evt-00785,2026-01-01T12:42:25+00:00,u066,P002,purchase
evt-00786,2026-01-01T12:42:42+00:00,u066,P011,click
evt-00787,2026-01-01T12:42:59+00:00,u066,P012,click
evt-00788,2026-01-01T12:43:16+00:00,u066,P010,click
evt-00789,2026-01-01T12:43:33+00:00,u066,P009,click
evt-00790,2026-01-01T12:43:50+00:00,u066,P004,cart
evt-00791,2026-01-01T12:44:07+00:00,u066,P019,purchase
evt-00792,2026-01-01T12:44:24+00:00,u066,P024,view
evt-00793,2026-01-01T12:44:41+00:00,u067,P017,click
evt-00794,2026-01-01T12:44:58+00:00,u067,P014,view
evt-00795,2026-01-01T12:45:15+00:00,u067,P015,click
evt-00796,2026-01-01T12:45:32+00:00,u067,P022,cart
evt-00797,2026-01-01T12:45:49+00:00,u067,P018,view
evt-00798,2026-01-01T12:46:06+00:00,u067,P019,view
evt-00799,2026-01-01T12:46:23+00:00,u067,P020,click
evt-00800,2026-01-01T12:46:40+00:00,u067,P013,view
evt-00801,2026-01-01T12:46:57+00:00,u067,P021,view
evt-00802,2026-01-01T12:47:14+00:00,u067,P023,cart
evt-00803,2026-01-01T12:47:31+00:00,u067,P025,cart
evt-00804,2026-01-01T12:47:48+00:00,u067,P032,click
evt-00805,2026-01-01T12:48:05+00:00,u068,P026,click
evt-00806,2026-01-01T12:48:22+00:00,u068,P033,purchase
evt-00807,2026-01-01T12:48:39+00:00,u068,P035,click
evt-00808,2026-01-01T12:48:56+00:00,u068,P036,purchase
evt-00809,2026-01-01T12:49:13+00:00,u068,P031,click
evt-00810,2026-01-01T12:49:30+00:00,u068,P025,purchase
evt-00811,2026-01-01T12:49:47+00:00,u068,P027,click
evt-00812,2026-01-01T12:50:04+00:00,u068,P030,view
evt-00813,2026-01-01T12:50:21+00:00,u068,P028,view
evt-00814,2026-01-01T12:50:38+00:00,u068,P029,click
evt-00815,2026-01-01T12:50:55+00:00,u068,P040,purchase
evt-00816,2026-01-01T12:51:12+00:00,u068,P042,cart
evt-00817,2026-01-01T12:51:29+00:00,u069,P044,view
evt-00818,2026-01-01T12:51:46+00:00,u069,P038,click
evt-00819,2026-01-01T12:52:03+00:00,u069,P046,view
evt-00820,2026-01-01T12:52:20+00:00,u069,P040,click
evt-00821,2026-01-01T12:52:37+00:00,u069,P045,click
evt-00822,2026-01-01T12:52:54+00:00,u069,P041,click
evt-00823,2026-01-01T12:53:11+00:00,u069,P039,cart
evt-00824,2026-01-01T12:53:28+00:00,u069,P047,click
evt-00825,2026-01-01T12:53:45+00:00,u069,P037,view
evt-00826,2026-01-01T12:54:02+00:00,u069,P043,view
evt-00827,2026-01-01T12:54:19+00:00,u069,P059,cart
evt-00828,2026-01-01T12:54:36+00:00,u069,P056,view
evt-00829,2026-01-01T12:54:53+00:00,u070,P051,view
evt-00830,2026-01-01T12:55:10+00:00,u070,P057,cart
evt-00831,2026-01-01T12:55:27+00:00,u070,P055,click
evt-00832,2026-01-01T12:55:44+00:00,u070,P056,click
evt-00833,2026-01-01T12:56:01+00:00,u070,P060,cart
evt-00834,2026-01-01T12:56:18+00:00,u070,P054,click
evt-00835,2026-01-01T12:56:35+00:00,u070,P050,cart
evt-00836,2026-01-01T12:56:52+00:00,u070,P049,view
evt-00837,2026-01-01T12:57:09+00:00,u070,P059,purchase
evt-00838,2026-01-01T12:57:26+00:00,u070,P058,purchase
evt-00839,2026-01-01T12:57:43+00:00,u070,P006,cart
evt-00840,2026-01-01T12:58:00+00:00,u070,P008,view
evt-00841,2026-01-01T12:58:17+00:00,u071,P004,view
evt-00842,2026-01-01T12:58:34+00:00,u071,P007,view
evt-00843,2026-01-01T12:58:51+00:00,u071,P012,click
evt-00844,2026-01-01T12:59:08+00:00,u071,P006,click
evt-00845,2026-01-01T12:59:25+00:00,u071,P005,view
evt-00846,2026-01-01T12:59:42+00:00,u071,P003,cart
evt-00847,2026-01-01T12:59:59+00:00,u071,P010,click
evt-00848,2026-01-01T13:00:16+00:00,u071,P008,purchase
evt-00849,2026-01-01T13:00:33+00:00,u071,P001,click
evt-00850,2026-01-01T13:00:50+00:00,u071,P011,click
evt-00851,2026-01-01T13:01:07+00:00,u071,P024,click
evt-00852,2026-01-01T13:01:24+00:00,u071,P013,purchase
evt-00853,2026-01-01T13:01:41+00:00,u072,P015,cart
evt-00854,2026-01-01T13:01:58+00:00,u072,P017,view
evt-00855,2026-01-01T13:02:15+00:00,u072,P021,cart
evt-00856,2026-01-01T13:02:32+00:00,u072,P020,view
evt-00857,2026-01-01T13:02:49+00:00,u072,P014,view
evt-00858,2026-01-01T13:03:06+00:00,u072,P018,click
evt-00859,2026-01-01T13:03:23+00:00,u072,P016,view
evt-00860,2026-01-01T13:03:40+00:00,u072,P019,click
evt-00861,2026-01-01T13:03:57+00:00,u072,P013,click
evt-00862,2026-01-01T13:04:14+00:00,u072,P024,view
evt-00863,2026-01-01T13:04:31+00:00,u072,P025,purchase
evt-00864,2026-01-01T13:04:48+00:00,u072,P028,click
evt-00865,2026-01-01T13:05:05+00:00,u073,P031,click
evt-00866,2026-01-01T13:05:22+00:00,u073,P032,click
evt-00867,2026-01-01T13:05:39+00:00,u073,P025,view
evt-00868,2026-01-01T13:05:56+00:00,u073,P034,purchase
evt-00869,2026-01-01T13:06:13+00:00,u073,P030,view
evt-00870,2026-01-01T13:06:30+00:00,u073,P026,click
evt-00871,2026-01-01T13:06:47+00:00,u073,P033,click
evt-00872,2026-01-01T13:07:04+00:00,u073,P027,view
evt-00873,2026-01-01T13:07:21+00:00,u073,P035,click
evt-00874,2026-01-01T13:07:38+00:00,u073,P028,purchase
evt-00875,2026-01-01T13:07:55+00:00,u073,P039,click
evt-00876,2026-01-01T13:08:12+00:00,u073,P045,view
evt-00877,2026-01-01T13:08:29+00:00,u074,P047,cart
evt-00878,2026-01-01T13:08:46+00:00,u074,P041,click
evt-00879,2026-01-01T13:09:03+00:00,u074,P046,purchase
evt-00880,2026-01-01T13:09:20+00:00,u074,P044,purchase
evt-00881,2026-01-01T13:09:37+00:00,u074,P038,click
evt-00882,2026-01-01T13:09:54+00:00,u074,P042,click
evt-00883,2026-01-01T13:10:11+00:00,u074,P045,click
evt-00884,2026-01-01T13:10:28+00:00,u074,P040,purchase
evt-00885,2026-01-01T13:10:45+00:00,u074,P039,click
evt-00886,2026-01-01T13:11:02+00:00,u074,P037,view
evt-00887,2026-01-01T13:11:19+00:00,u074,P057,view
evt-00888,2026-01-01T13:11:36+00:00,u074,P055,purchase
evt-00889,2026-01-01T13:11:53+00:00,u075,P052,view
evt-00890,2026-01-01T13:12:10+00:00,u075,P053,cart
evt-00891,2026-01-01T13:12:27+00:00,u075,P050,cart
evt-00892,2026-01-01T13:12:44+00:00,u075,P055,purchase
evt-00893,2026-01-01T13:13:01+00:00,u075,P056,click
evt-00894,2026-01-01T13:13:18+00:00,u075,P051,click
evt-00895,2026-01-01T13:13:35+00:00,u075,P059,view
evt-00896,2026-01-01T13:13:52+00:00,u075,P054,click
evt-00897,2026-01-01T13:14:09+00:00,u075,P058,click
evt-00898,2026-01-01T13:14:26+00:00,u075,P057,click
evt-00899,2026-01-01T13:14:43+00:00,u075,P012,click
evt-00900,2026-01-01T13:15:00+00:00,u075,P003,view
evt-00901,2026-01-01T13:15:17+00:00,u076,P008,view
evt-00902,2026-01-01T13:15:34+00:00,u076,P010,click
evt-00903,2026-01-01T13:15:51+00:00,u076,P005,view
evt-00904,2026-01-01T13:16:08+00:00,u076,P002,click
evt-00905,2026-01-01T13:16:25+00:00,u076,P004,view
evt-00906,2026-01-01T13:16:42+00:00,u076,P007,view
evt-00907,2026-01-01T13:16:59+00:00,u076,P009,cart
evt-00908,2026-01-01T13:17:16+00:00,u076,P012,view
evt-00909,2026-01-01T13:17:33+00:00,u076,P006,cart
evt-00910,2026-01-01T13:17:50+00:00,u076,P001,cart
evt-00911,2026-01-01T13:18:07+00:00,u076,P022,click
evt-00912,2026-01-01T13:18:24+00:00,u076,P023,purchase
evt-00913,2026-01-01T13:18:41+00:00,u077,P016,click
evt-00914,2026-01-01T13:18:58+00:00,u077,P014,click
evt-00915,2026-01-01T13:19:15+00:00,u077,P024,cart
evt-00916,2026-01-01T13:19:32+00:00,u077,P021,view
evt-00917,2026-01-01T13:19:49+00:00,u077,P015,click
evt-00918,2026-01-01T13:20:06+00:00,u077,P013,cart
evt-00919,2026-01-01T13:20:23+00:00,u077,P020,click
evt-00920,2026-01-01T13:20:40+00:00,u077,P018,view
evt-00921,2026-01-01T13:20:57+00:00,u077,P023,cart
evt-00922,2026-01-01T13:21:14+00:00,u077,P022,view
evt-00923,2026-01-01T13:21:31+00:00,u077,P033,purchase
evt-00924,2026-01-01T13:21:48+00:00,u077,P028,view
evt-00925,2026-01-01T13:22:05+00:00,u078,P031,view
evt-00926,2026-01-01T13:22:22+00:00,u078,P027,cart
evt-00927,2026-01-01T13:22:39+00:00,u078,P034,cart
evt-00928,2026-01-01T13:22:56+00:00,u078,P036,click
evt-00929,2026-01-01T13:23:13+00:00,u078,P033,cart
evt-00930,2026-01-01T13:23:30+00:00,u078,P029,click
evt-00931,2026-01-01T13:23:47+00:00,u078,P025,purchase
evt-00932,2026-01-01T13:24:04+00:00,u078,P035,click
evt-00933,2026-01-01T13:24:21+00:00,u078,P028,click
evt-00934,2026-01-01T13:24:38+00:00,u078,P030,view
evt-00935,2026-01-01T13:24:55+00:00,u078,P040,view
evt-00936,2026-01-01T13:25:12+00:00,u078,P044,purchase
evt-00937,2026-01-01T13:25:29+00:00,u079,P048,purchase
evt-00938,2026-01-01T13:25:46+00:00,u079,P037,view
evt-00939,2026-01-01T13:26:03+00:00,u079,P047,click
evt-00940,2026-01-01T13:26:20+00:00,u079,P041,click
evt-00941,2026-01-01T13:26:37+00:00,u079,P042,click
evt-00942,2026-01-01T13:26:54+00:00,u079,P044,click
evt-00943,2026-01-01T13:27:11+00:00,u079,P046,click
evt-00944,2026-01-01T13:27:28+00:00,u079,P038,click
evt-00945,2026-01-01T13:27:45+00:00,u079,P039,view
evt-00946,2026-01-01T13:28:02+00:00,u079,P043,cart
evt-00947,2026-01-01T13:28:19+00:00,u079,P054,click
evt-00948,2026-01-01T13:28:36+00:00,u079,P052,cart
evt-00949,2026-01-01T13:28:53+00:00,u080,P050,view
evt-00950,2026-01-01T13:29:10+00:00,u080,P059,click
evt-00951,2026-01-01T13:29:27+00:00,u080,P054,click
evt-00952,2026-01-01T13:29:44+00:00,u080,P055,click
evt-00953,2026-01-01T13:30:01+00:00,u080,P049,click
evt-00954,2026-01-01T13:30:18+00:00,u080,P052,cart
evt-00955,2026-01-01T13:30:35+00:00,u080,P057,cart
evt-00956,2026-01-01T13:30:52+00:00,u080,P051,purchase
evt-00957,2026-01-01T13:31:09+00:00,u080,P053,cart
evt-00958,2026-01-01T13:31:26+00:00,u080,P060,purchase
evt-00959,2026-01-01T13:31:43+00:00,u080,P006,view
evt-00960,2026-01-01T13:32:00+00:00,u080,P005,click
cmd-1df21a4238d643e8bd976bd47661ab39,2026-07-05T04:49:11+00:00,u007,P012,purchase
cmd-9fa49e4ca6ed45ca8b5dbf6f024b2b1f,2026-07-05T05:00:49+00:00,u007,P012,purchase
cmd-c1166429b657446a86d8d697015f0c80,2026-07-05T05:32:31+00:00,u007,P057,purchase
cmd-235ff67b81e44829adeb53b2dde4fb2f,2026-07-05T05:33:05+00:00,u007,P057,purchase
cmd-04922debf36b412ab4763b674761c0c9,2026-07-05T05:33:10+00:00,u007,P057,purchase
cmd-f107b5890d76432bb007a2f6cf6c6614,2026-07-05T05:33:13+00:00,u007,P057,purchase
cmd-72d08ea0ffe54975a43049e4ef8a1773,2026-07-05T05:33:15+00:00,u007,P057,purchase
cmd-c3b3f3ef11224f3d97390afc5d649eb7,2026-07-05T05:33:18+00:00,u007,P057,purchase
cmd-a153171b3a1746a1a244fbdf47602316,2026-07-05T05:33:50+00:00,u007,P001,purchase
cmd-d9a2c703c8e9451288de500e8ac54efe,2026-07-05T05:33:51+00:00,u007,P001,purchase
cmd-9241738a5e7e4a14b8cfbb676791adfd,2026-07-05T05:33:52+00:00,u007,P001,purchase
cmd-5ec2b288dc0e4789a0c8f20e4f418faa,2026-07-05T05:33:52+00:00,u007,P001,purchase
cmd-fcc788cdefd74a08ae52cba6000dadea,2026-07-05T05:33:52+00:00,u007,P001,purchase
cmd-88a61b77bd634368b1161cf79f2479e2,2026-07-05T05:33:52+00:00,u007,P001,purchase
cmd-5ac2ef0e1d75486fb6964f274c2e69cd,2026-07-05T05:33:52+00:00,u007,P001,purchase
cmd-8bb1c903fb304627b780ba9c7745eb97,2026-07-05T05:33:52+00:00,u007,P001,purchase
cmd-fac38e03803f4a46b95be4d0667da511,2026-07-05T05:33:55+00:00,u007,P002,purchase
cmd-d8a7fee7275048b98f24cbb9f8638a56,2026-07-05T05:33:57+00:00,u007,P003,purchase
cmd-c50e146234c94cb082c7f46ff4d641b5,2026-07-05T05:34:00+00:00,u007,P004,purchase
cmd-abf387fc7f004c6ab240b29f6255b8a8,2026-07-05T05:34:03+00:00,u007,P005,purchase
